round,num_alive,cum_energy_j,best_acc,mean_acc
0,10,0.8788139008,0.050940206238787866,0.050940206238787866
1,10,1.7576278016,0.050940206238787866,0.050940206238787866
2,10,2.6364417024,0.050940206238787866,0.050940206238787866
3,10,3.5152556032,0.050940206238787866,0.050940206238787866
4,10,4.394069504,0.050940206238787866,0.050940206238787866
5,10,5.2728834048,0.050940206238787866,0.050940206238787866
6,10,6.1516973056,0.050940206238787866,0.050940206238787866
7,10,7.0305112064,0.050940206238787866,0.050940206238787866
8,10,7.9093251072,0.050940206238787866,0.050940206238787866
9,10,8.788139008,0.050940206238787866,0.050940206238787866
10,10,9.666952908799999,0.05814178594014171,0.05814178594014171
11,10,10.5457668096,0.05814178594014171,0.05814178594014171
12,10,11.4245807104,0.05814178594014171,0.05814178594014171
13,10,12.303394611200002,0.05814178594014171,0.05814178594014171
14,10,13.182208512000003,0.05814178594014171,0.05814178594014171
15,10,14.061022412800003,0.05814178594014171,0.05814178594014171
16,10,14.939836313600004,0.05814178594014171,0.05814178594014171
17,10,15.818650214400005,0.05814178594014171,0.05814178594014171
18,10,16.697464115200006,0.05814178594014171,0.05814178594014171
19,10,17.576278016000007,0.05814178594014171,0.05814178594014171
20,10,18.455091916800008,0.0885742679039273,0.0885742679039273
21,10,19.33390581760001,0.0885742679039273,0.0885742679039273
22,10,20.21271971840001,0.0885742679039273,0.0885742679039273
23,10,21.09153361920001,0.0885742679039273,0.0885742679039273
24,10,21.97034752000001,0.0885742679039273,0.0885742679039273
25,10,22.849161420800012,0.0885742679039273,0.0885742679039273
26,10,23.727975321600013,0.0885742679039273,0.0885742679039273
27,10,24.606789222400014,0.0885742679039273,0.0885742679039273
28,10,25.485603123200015,0.0885742679039273,0.0885742679039273
29,10,26.364417024000016,0.0885742679039273,0.0885742679039273
30,10,27.243230924800017,0.0885742679039273,0.08236645457713306
31,10,28.122044825600018,0.0885742679039273,0.08236645457713306
32,10,29.00085872640002,0.0885742679039273,0.08236645457713306
33,10,29.87967262720002,0.0885742679039273,0.08236645457713306
34,10,30.75848652800002,0.0885742679039273,0.08236645457713306
35,10,31.63730042880002,0.0885742679039273,0.08236645457713306
36,10,32.51611432960002,0.0885742679039273,0.08236645457713306
37,10,33.39492823040002,0.0885742679039273,0.08236645457713306
38,10,34.27374213120002,0.0885742679039273,0.08236645457713306
39,10,35.152556032000014,0.0885742679039273,0.08236645457713306
40,10,36.03136993280001,0.14528348153788573,0.14528348153788573
41,10,36.91018383360001,0.14528348153788573,0.14528348153788573
42,10,37.788997734400006,0.14528348153788573,0.14528348153788573
43,10,38.6678116352,0.14528348153788573,0.14528348153788573
44,10,39.546625536,0.14528348153788573,0.14528348153788573
45,10,40.4254394368,0.14528348153788573,0.14528348153788573
46,10,41.304253337599995,0.14528348153788573,0.14528348153788573
47,10,42.18306723839999,0.14528348153788573,0.14528348153788573
48,10,43.06188113919999,0.14528348153788573,0.14528348153788573
49,10,43.94069503999999,0.14528348153788573,0.14528348153788573
50,10,44.819508940799984,0.14528348153788573,0.12020701315127189
51,10,45.69832284159998,0.14528348153788573,0.12020701315127189
52,10,46.57713674239998,0.14528348153788573,0.12020701315127189
53,10,47.45595064319998,0.14528348153788573,0.12020701315127189
54,10,48.334764543999974,0.14528348153788573,0.12020701315127189
55,10,49.21357844479997,0.14528348153788573,0.12020701315127189
56,10,50.09239234559997,0.14528348153788573,0.12020701315127189
57,10,50.971206246399966,0.14528348153788573,0.12020701315127189
58,10,51.85002014719996,0.14528348153788573,0.12020701315127189
59,10,52.72883404799996,0.14528348153788573,0.12020701315127189
60,10,53.60764794879996,0.14528348153788573,0.133448627440858
61,10,54.486461849599955,0.14528348153788573,0.133448627440858
62,10,55.36527575039995,0.14528348153788573,0.133448627440858
63,10,56.24408965119995,0.14528348153788573,0.133448627440858
64,10,57.12290355199995,0.14528348153788573,0.133448627440858
65,10,58.001717452799944,0.14528348153788573,0.133448627440858
66,10,58.88053135359994,0.14528348153788573,0.133448627440858
67,10,59.75934525439994,0.14528348153788573,0.133448627440858
68,10,60.638159155199936,0.14528348153788573,0.133448627440858
69,10,61.516973055999934,0.14528348153788573,0.133448627440858
70,10,62.39578695679993,0.14528348153788573,0.10753326536143412
71,10,63.27460085759993,0.14528348153788573,0.10753326536143412
72,10,64.15341475839993,0.14528348153788573,0.10753326536143412
73,10,65.03222865919993,0.14528348153788573,0.10753326536143412
74,10,65.91104255999993,0.14528348153788573,0.10753326536143412
75,10,66.78985646079992,0.14528348153788573,0.10753326536143412
76,10,67.66867036159992,0.14528348153788573,0.10753326536143412
77,10,68.54748426239992,0.14528348153788573,0.10753326536143412
78,10,69.42629816319992,0.14528348153788573,0.10753326536143412
79,10,70.30511206399991,0.14528348153788573,0.10753326536143412
80,10,71.18392596479991,0.22674651213814642,0.22674651213814642
81,10,72.06273986559991,0.22674651213814642,0.22674651213814642
82,10,72.9415537663999,0.22674651213814642,0.22674651213814642
83,10,73.8203676671999,0.22674651213814642,0.22674651213814642
84,10,74.6991815679999,0.22674651213814642,0.22674651213814642
85,10,75.5779954687999,0.22674651213814642,0.22674651213814642
86,10,76.4568093695999,0.22674651213814642,0.22674651213814642
87,10,77.33562327039989,0.22674651213814642,0.22674651213814642
88,10,78.21443717119989,0.22674651213814642,0.22674651213814642
89,10,79.09325107199989,0.22674651213814642,0.22674651213814642
90,10,79.97206497279988,0.27362131048100874,0.27362131048100874
91,10,80.85087887359988,0.27362131048100874,0.27362131048100874
92,10,81.72969277439988,0.27362131048100874,0.27362131048100874
93,10,82.60850667519988,0.27362131048100874,0.27362131048100874
94,10,83.48732057599987,0.27362131048100874,0.27362131048100874
95,10,84.36613447679987,0.27362131048100874,0.27362131048100874
96,10,85.24494837759987,0.27362131048100874,0.27362131048100874
97,10,86.12376227839987,0.27362131048100874,0.27362131048100874
98,10,87.00257617919986,0.27362131048100874,0.27362131048100874
99,10,87.88139007999986,0.27362131048100874,0.27362131048100874
100,10,88.76020398079986,0.27362131048100874,0.2701882993688938
101,10,89.63901788159986,0.27362131048100874,0.2701882993688938
102,10,90.51783178239985,0.27362131048100874,0.2701882993688938
103,10,91.39664568319985,0.27362131048100874,0.2701882993688938
104,10,92.27545958399985,0.27362131048100874,0.2701882993688938
105,10,93.15427348479984,0.27362131048100874,0.2701882993688938
106,10,94.03308738559984,0.27362131048100874,0.2701882993688938
107,10,94.91190128639984,0.27362131048100874,0.2701882993688938
108,10,95.79071518719984,0.27362131048100874,0.2701882993688938
109,10,96.66952908799983,0.27362131048100874,0.2701882993688938
110,10,97.54834298879983,0.28321051069266806,0.28321051069266806
111,10,98.42715688959983,0.28321051069266806,0.28321051069266806
112,10,99.30597079039983,0.28321051069266806,0.28321051069266806
113,10,100.18478469119982,0.28321051069266806,0.28321051069266806
114,10,101.06359859199982,0.28321051069266806,0.28321051069266806
115,10,101.94241249279982,0.28321051069266806,0.28321051069266806
116,10,102.82122639359982,0.28321051069266806,0.28321051069266806
117,10,103.70004029439981,0.28321051069266806,0.28321051069266806
118,10,104.57885419519981,0.28321051069266806,0.28321051069266806
119,10,105.45766809599981,0.28321051069266806,0.28321051069266806
120,10,106.3364819967998,0.3094227120787786,0.3094227120787786
121,10,107.2152958975998,0.3094227120787786,0.3094227120787786
122,10,108.0941097983998,0.3094227120787786,0.3094227120787786
123,10,108.9729236991998,0.3094227120787786,0.3094227120787786
124,10,109.8517375999998,0.3094227120787786,0.3094227120787786
125,10,110.73055150079979,0.3094227120787786,0.3094227120787786
126,10,111.60936540159979,0.3094227120787786,0.3094227120787786
127,10,112.48817930239979,0.3094227120787786,0.3094227120787786
128,10,113.36699320319978,0.3094227120787786,0.3094227120787786
129,10,114.24580710399978,0.3094227120787786,0.3094227120787786
130,10,115.12462100479978,0.3496896093336603,0.3496896093336603
131,10,116.00343490559978,0.3496896093336603,0.3496896093336603
132,10,116.88224880639977,0.3496896093336603,0.3496896093336603
133,10,117.76106270719977,0.3496896093336603,0.3496896093336603
134,10,118.63987660799977,0.3496896093336603,0.3496896093336603
135,10,119.51869050879976,0.3496896093336603,0.3496896093336603
136,10,120.39750440959976,0.3496896093336603,0.3496896093336603
137,10,121.27631831039976,0.3496896093336603,0.3496896093336603
138,10,122.15513221119976,0.3496896093336603,0.3496896093336603
139,10,123.03394611199975,0.3496896093336603,0.3496896093336603
140,10,123.91276001279975,0.41260663629441297,0.41260663629441297
141,10,124.79157391359975,0.41260663629441297,0.41260663629441297
142,10,125.67038781439975,0.41260663629441297,0.41260663629441297
143,10,126.54920171519974,0.41260663629441297,0.41260663629441297
144,10,127.42801561599974,0.41260663629441297,0.41260663629441297
145,10,128.30682951679975,0.41260663629441297,0.41260663629441297
146,10,129.18564341759975,0.41260663629441297,0.41260663629441297
147,10,130.06445731839975,0.41260663629441297,0.41260663629441297
148,10,130.94327121919974,0.41260663629441297,0.41260663629441297
149,10,131.82208511999974,0.41260663629441297,0.38683324083992615
# summary: median_lifetime=151.0, round_of_5th_death=None, round_of_10th_death=None, round_of_15th_death=None, survival_auc=1500, participation_frac=1.0, cum_energy_j=131.82208511999974, best_acc=0.41260663629441297, final_acc=0.38683324083992615
